-94.7053,26357.8
-94.515,31484.5
-94.3246,67907.3
-94.1343,40811.9
-93.944,22422.5
-93.7536,56591.8
-93.5633,65358.9
-93.373,53915.2
-93.1827,59708.1
-92.9923,46876.5
-92.802,76658.8
-92.6117,104239
-92.4214,48958
-92.231,45329.3
-92.0407,72983.3
-91.8504,83223.6
-91.66,105510
-91.4697,46522.1
-91.2794,27865.1
-91.0891,61523.8
-90.8987,75135.9
-90.7084,97868.2
-90.5181,76970.7
-90.3277,63594.8
-90.1374,88086.7
-89.9471,118013
-89.7568,86183.4
-89.5664,103618
-89.3761,91839.3
-89.1858,30101.5
-88.9955,35823
-88.8051,114232
-88.6148,138563
-88.4245,60394
-88.2341,98517.2
-88.0438,131678
-87.8535,191037
-87.6632,252696
-87.4728,185423
-87.2825,114886
-87.0922,123776
-86.9018,114452
-86.7115,79884.3
-86.5212,87225
-86.3309,70761.9
-86.1405,83599.9
-85.9502,104554
-85.7599,112226
-85.5696,98003.5
-85.3792,138032
-85.1889,202138
-84.9986,179718
-84.8082,136096
-84.6179,88995.2
-84.4276,86766.2
-84.2373,97005.6
-84.0469,58432.8
-83.8566,94066.4
-83.6663,107218
-83.476,72482.6
-83.2856,84657.8
-83.0953,31184.4
-82.905,62661.1
-82.7146,173418
-82.5243,173086
-82.334,121353
-82.1437,116951
-81.9533,71047.6
-81.763,78816.9
-81.5727,129883
-81.3823,23713.2
-81.192,-33947.9
-81.0017,31315.9
-80.8114,77901.2
-80.621,65879.1
-80.4307,111207
-80.2404,145360
-80.0501,150851
-79.8597,193810
-79.6694,170169
-79.4791,134490
-79.2887,118337
-79.0984,131472
-78.9081,119960
-78.7178,35942.8
-78.5274,8222.05
-78.3371,56141.7
-78.1468,47896.9
-77.9564,81396.2
-77.7661,186291
-77.5758,132291
-77.3855,48142.2
-77.1951,71811.3
-77.0048,139559
-76.8145,166301
-76.6242,120020
-76.4338,166831
-76.2435,212455
-76.0532,240239
-75.8628,193726
-75.6725,97022
-75.4822,48458.5
-75.2919,-37343.4
-75.1015,-5957.51
-74.9112,-1061.74
-74.7209,46857.4
-74.5305,179403
-74.3402,229397
-74.1499,184418
-73.9596,102131
-73.7692,63309.3
-73.5789,78837.4
-73.3886,121487
-73.1983,28587.6
-73.0079,98042.6
-72.8176,202188
-72.6273,184509
-72.4369,161506
-72.2466,87110.1
-72.0563,125702
-71.866,142185
-71.6756,175705
-71.4853,151126
-71.295,131204
-71.1046,203874
-70.9143,169037
-70.724,155578
-70.5337,126232
-70.3433,142366
-70.153,185709
-69.9627,173371
-69.7724,181018
-69.582,150665
-69.3917,83505.5
-69.2014,63676.1
-69.011,128299
-68.8207,118643
-68.6304,29555.2
-68.4401,28937.4
-68.2497,110394
-68.0594,57378.9
-67.8691,47483
-67.6787,74840.9
-67.4884,95701.1
-67.2981,188262
-67.1078,84577.4
-66.9174,103978
-66.7271,115424
-66.5368,89734.6
-66.3465,125615
-66.1561,93219
-65.9658,115245
-65.7755,91267.4
-65.5851,72473
-65.3948,44479.5
-65.2045,102633
-65.0142,85656
-64.8238,73624.6
-64.6335,91495
-64.4432,87861.8
-64.2528,159226
-64.0625,114202
-63.8722,87532.9
-63.6819,56017.8
-63.4915,44236.6
-63.3012,42858.7
-63.1109,39907.8
-62.9206,32994.3
-62.7302,73062.9
-62.5399,154381
-62.3496,84885.2
-62.1592,46144.1
-61.9689,86946.2
-61.7786,132711
-61.5883,148059
-61.3979,111324
-61.2076,106986
-61.0173,191983
-60.8269,215692
-60.6366,117188
-60.4463,147470
-60.256,159793
-60.0656,58960.5
-59.8753,87128.3
-59.685,121165
-59.4947,109709
-59.3043,113116
-59.114,118944
-58.9237,79579.6
-58.7333,73317.9
-58.543,88467.3
-58.3527,39421.7
-58.1624,58767.2
-57.972,60974.2
-57.7817,41935.3
-57.5914,-28650.8
-57.401,5742.49
-57.2107,89030.3
-57.0204,87389.1
-56.8301,176295
-56.6397,138884
-56.4494,82913.4
-56.2591,48674.6
-56.0688,24052.9
-55.8784,75643.3
-55.6881,-21284.4
-55.4978,-54718.9
-55.3074,44654.5
-55.1171,50424.9
-54.9268,88753.7
-54.7365,99387.5
-54.5461,3189.33
-54.3558,5769.66
-54.1655,55113.5
-53.9752,69527.4
-53.7848,101001
-53.5945,145531
-53.4042,118676
-53.2138,71681.4
-53.0235,131320
-52.8332,120422
-52.6429,102943
-52.4525,126313
-52.2622,93683.2
-52.0719,126329
-51.8815,88572.8
-51.6912,61268.6
-51.5009,45112.7
-51.3106,34863.5
-51.1202,95746.1
-50.9299,76407.6
-50.7396,120373
-50.5493,142967
-50.3589,168810
-50.1686,226375
-49.9783,262972
-49.7879,288094
-49.5976,238893
-49.4073,287420
-49.217,281004
-49.0266,236904
-48.8363,256199
-48.646,240044
-48.4556,244212
-48.2653,230847
-48.075,267210
-47.8847,301260
-47.6943,373282
-47.504,430983
-47.3137,416448
-47.1234,448170
-46.933,455332
-46.7427,480733
-46.5524,444986
-46.362,495706
-46.1717,547479
-45.9814,496673
-45.7911,496113
-45.6007,456947
-45.4104,411952
-45.2201,368259
-45.0297,403922
-44.8394,380525
-44.6491,353570
-44.4588,428053
-44.2684,385932
-44.0781,338544
-43.8878,396021
-43.6975,400999
-43.5071,392968
-43.3168,343739
-43.1265,273566
-42.9361,286771
-42.7458,286678
-42.5555,337150
-42.3652,303406
-42.1748,268528
-41.9845,271444
-41.7942,215200
-41.6038,203038
-41.4135,244399
-41.2232,320358
-41.0329,412771
-40.8425,416226
-40.6522,367166
-40.4619,422820
-40.2716,414946
-40.0812,406719
-39.8909,321757
-39.7006,261422
-39.5102,263417
-39.3199,214257
-39.1296,271197
-38.9393,272820
-38.7489,153878
-38.5586,68240.5
-38.3683,131840
-38.1779,149538
-37.9876,196641
-37.7973,248075
-37.607,255673
-37.4166,327967
-37.2263,334620
-37.036,327417
-36.8457,341803
-36.6553,314229
-36.465,343331
-36.2747,404995
-36.0843,383892
-35.894,443108
-35.7037,463369
-35.5134,434259
-35.323,379751
-35.1327,354891
-34.9424,399480
-34.752,385418
-34.5617,346429
-34.3714,297635
-34.1811,221290
-33.9907,147909
-33.8004,243421
-33.6101,276956
-33.4198,301927
-33.2294,305760
-33.0391,194115
-32.8488,175703
-32.6584,224434
-32.4681,291049
-32.2778,276965
-32.0875,279612
-31.8971,295063
-31.7068,309516
-31.5165,238944
-31.3261,133984
-31.1358,150390
-30.9455,158780
-30.7552,166847
-30.5648,192903
-30.3745,166597
-30.1842,158624
-29.9939,197648
-29.8035,150677
-29.6132,129512
-29.4229,157047
-29.2325,196127
-29.0422,215225
-28.8519,145893
-28.6616,195430
-28.4712,225180
-28.2809,134395
-28.0906,184511
-27.9002,216424
-27.7099,203268
-27.5196,199859
-27.3293,123590
-27.1389,162641
-26.9486,255593
-26.7583,260000
-26.568,268300
-26.3776,339028
-26.1873,306593
-25.997,198274
-25.8066,191508
-25.6163,209308
-25.426,137075
-25.2357,87286.4
-25.0453,153191
-24.855,189081
-24.6647,246548
-24.4744,264591
-24.284,214418
-24.0937,204998
-23.9034,174410
-23.713,173161
-23.5227,228565
-23.3324,227036
-23.1421,180865
-22.9517,199158
-22.7614,215251
-22.5711,244362
-22.3807,256871
-22.1904,210671
-22.0001,198021
-21.8098,155948
-21.6194,139651
-21.4291,263191
-21.2388,395637
-21.0485,331631
-20.8581,175479
-20.6678,218077
-20.4775,251384
-20.2871,163891
-20.0968,198844
-19.9065,238007
-19.7162,236588
-19.5258,224095
-19.3355,280851
-19.1452,318882
-18.9548,236622
-18.7645,285070
-18.5742,324646
-18.3839,309284
-18.1935,321111
-18.0032,322789
-17.8129,370496
-17.6226,418734
-17.4322,385728
-17.2419,376446
-17.0516,427484
-16.8612,364300
-16.6709,308957
-16.4806,288989
-16.2903,274902
-16.0999,326388
-15.9096,385534
-15.7193,325100
-15.5289,284922
-15.3386,334150
-15.1483,270337
-14.958,277765
-14.7676,211203
-14.5773,186576
-14.387,269207
-14.1967,226762
-14.0063,201270
-13.816,184330
-13.6257,230247
-13.4353,211884
-13.245,249498
-13.0547,283797
-12.8644,302151
-12.674,367731
-12.4837,318675
-12.2934,348201
-12.103,345651
-11.9127,267877
-11.7224,159113
-11.5321,187112
-11.3417,266042
-11.1514,281113
-10.9611,335360
-10.7708,332204
-10.5804,355976
-10.3901,351883
-10.1998,323212
-10.0094,379963
-9.81911,448531
-9.62879,379343
-9.43846,310739
-9.24813,360211
-9.0578,434792
-8.86748,378666
-8.67715,276563
-8.48682,236461
-8.29649,223032
-8.10616,257855
-7.91584,268674
-7.72551,329846
-7.53518,247051
-7.34485,167062
-7.15453,252240
-6.9642,327105
-6.77387,316015
-6.58354,289360
-6.39321,359707
-6.20289,396018
-6.01256,467566
-5.82223,463749
-5.6319,348783
-5.44158,323970
-5.25125,392913
-5.06092,392350
-4.87059,426938
-4.68027,404056
-4.48994,336339
-4.29961,393250
-4.10928,395360
-3.91895,418119
-3.72863,359667
-3.5383,323114
-3.34797,376978
-3.15764,376225
-2.96732,301876
-2.77699,287995
-2.58666,303806
-2.39633,286798
-2.206,250501
-2.01568,202727
-1.82535,271673
-1.63502,187015
-1.44469,144282
-1.25437,235750
-1.06404,237880
-0.87371,173139
-0.683383,212345
-0.493055,280211
-0.302727,280812
-0.112399,288084
0.0779284,210501
0.268256,267558
0.458584,260727
0.648912,214077
0.839239,202447
1.02957,181849
1.21989,240161
1.41022,174515
1.60055,128203
1.79088,163302
1.98121,160712
2.17153,127829
2.36186,133106
2.55219,142165
2.74252,144629
2.93284,140205
3.12317,150275
3.3135,126239
3.50383,81442.1
3.69416,108938
3.88448,109694
4.07481,139411
4.26514,166228
4.45547,126255
4.64579,113960
4.83612,127588
5.02645,111798
5.21678,125377
5.40711,139881
5.59743,122275
5.78776,143933
5.97809,208003
6.16842,236482
6.35874,159365
6.54907,140504
6.7394,192896
6.92973,192363
7.12005,169944
7.31038,208647
7.50071,249716
7.69104,212775
7.88137,262771
8.07169,294257
8.26202,251688
8.45235,238281
8.64268,184287
8.833,164177
9.02333,120047
9.21366,103858
9.40399,140640
9.59432,127297
9.78464,124864
9.97497,143357
10.1653,229668
10.3556,289723
10.546,306391
10.7363,349834
10.9266,369546
11.1169,369651
11.3073,454663
11.4976,479443
11.6879,425243
11.8782,534106
12.0686,584972
12.2589,649267
12.4492,739649
12.6396,749370
12.8299,836343
13.0202,933911
13.2105,1.06E+06
13.4009,1.18E+06
13.5912,1.41E+06
13.7815,1.71E+06
13.9719,2.03E+06
14.1622,2.48E+06
14.3525,3.05E+06
14.5428,3.77E+06
14.7332,4.62E+06
14.9235,5.60E+06
15.1138,6.67E+06
15.3041,7.76E+06
15.4945,8.93E+06
15.6848,1.02E+07
15.8751,1.13E+07
16.0655,1.22E+07
16.2558,1.31E+07
16.4461,1.37E+07
16.6364,1.42E+07
16.8268,1.46E+07
17.0171,1.47E+07
17.2074,1.47E+07
17.3978,1.48E+07
17.5881,1.49E+07
17.7784,1.51E+07
17.9687,1.55E+07
18.1591,1.61E+07
18.3494,1.69E+07
18.5397,1.80E+07
18.73,1.91E+07
18.9204,2.03E+07
19.1107,2.16E+07
19.301,2.28E+07
19.4914,2.38E+07
19.6817,2.44E+07
19.872,2.47E+07
20.0623,2.48E+07
20.2527,2.48E+07
20.443,2.45E+07
20.6333,2.38E+07
20.8237,2.29E+07
21.014,2.20E+07
21.2043,2.10E+07
21.3946,1.98E+07
21.585,1.87E+07
21.7753,1.75E+07
21.9656,1.64E+07
22.1559,1.55E+07
22.3463,1.48E+07
22.5366,1.42E+07
22.7269,1.38E+07
22.9173,1.37E+07
23.1076,1.38E+07
23.2979,1.42E+07
23.4882,1.47E+07
23.6786,1.52E+07
23.8689,1.58E+07
24.0592,1.66E+07
24.2496,1.75E+07
24.4399,1.84E+07
24.6302,1.91E+07
24.8205,1.95E+07
25.0109,1.95E+07
25.2012,1.92E+07
25.3915,1.85E+07
25.5818,1.74E+07
25.7722,1.62E+07
25.9625,1.48E+07
26.1528,1.35E+07
26.3432,1.21E+07
26.5335,1.08E+07
26.7238,9.65E+06
26.9141,8.67E+06
27.1045,7.97E+06
27.2948,7.44E+06
27.4851,7.18E+06
27.6755,7.18E+06
27.8658,7.40E+06
28.0561,7.72E+06
28.2464,8.37E+06
28.4368,9.44E+06
28.6271,1.08E+07
28.8174,1.23E+07
29.0077,1.39E+07
29.1981,1.55E+07
29.3884,1.67E+07
29.5787,1.76E+07
29.7691,1.82E+07
29.9594,1.83E+07
30.1497,1.81E+07
30.34,1.77E+07
30.5304,1.71E+07
30.7207,1.61E+07
30.911,1.51E+07
31.1014,1.40E+07
31.2917,1.30E+07
31.482,1.21E+07
31.6723,1.13E+07
31.8627,1.05E+07
32.053,9.90E+06
32.2433,9.48E+06
32.4336,9.16E+06
32.624,8.97E+06
32.8143,8.78E+06
33.0046,8.54E+06
33.195,8.19E+06
33.3853,7.72E+06
33.5756,7.18E+06
33.7659,6.60E+06
33.9563,6.04E+06
34.1466,5.61E+06
34.3369,5.13E+06
34.5272,4.70E+06
34.7176,4.40E+06
34.9079,4.05E+06
35.0982,3.78E+06
35.2886,3.55E+06
35.4789,3.37E+06
35.6692,3.14E+06
35.8595,3.01E+06
36.0499,2.89E+06
36.2402,2.77E+06
36.4305,2.86E+06
36.6209,2.89E+06
36.8112,2.91E+06
37.0015,2.92E+06
37.1918,2.98E+06
37.3822,3.11E+06
37.5725,3.35E+06
37.7628,3.58E+06
37.9531,3.71E+06
38.1435,3.98E+06
38.3338,4.22E+06
38.5241,4.46E+06
38.7145,4.76E+06
38.9048,5.02E+06
39.0951,5.24E+06
39.2854,5.50E+06
39.4758,5.67E+06
39.6661,5.88E+06
39.8564,6.13E+06
40.0468,6.20E+06
40.2371,6.24E+06
40.4274,6.30E+06
40.6177,6.27E+06
40.8081,6.28E+06
40.9984,6.30E+06
41.1887,6.27E+06
41.379,6.39E+06
41.5694,6.61E+06
41.7597,6.93E+06
41.95,7.29E+06
42.1404,7.62E+06
42.3307,8.00E+06
42.521,8.37E+06
42.7113,8.65E+06
42.9017,8.81E+06
43.092,8.95E+06
43.2823,8.95E+06
43.4727,8.77E+06
43.663,8.50E+06
43.8533,8.16E+06
44.0436,7.75E+06
44.234,7.36E+06
44.4243,6.99E+06
44.6146,6.66E+06
44.8049,6.27E+06
44.9953,5.91E+06
45.1856,5.68E+06
45.3759,5.46E+06
45.5663,5.32E+06
45.7566,5.28E+06
45.9469,5.35E+06
46.1372,5.55E+06
46.3276,5.96E+06
46.5179,6.52E+06
46.7082,7.16E+06
46.8986,7.98E+06
47.0889,8.83E+06
47.2792,9.68E+06
47.4695,1.06E+07
47.6599,1.13E+07
47.8502,1.18E+07
48.0405,1.23E+07
48.2308,1.27E+07
48.4212,1.30E+07
48.6115,1.32E+07
48.8018,1.33E+07
48.9922,1.32E+07
49.1825,1.32E+07
49.3728,1.30E+07
49.5631,1.28E+07
49.7535,1.25E+07
49.9438,1.21E+07
50.1341,1.19E+07
50.3245,1.15E+07
50.5148,1.13E+07
50.7051,1.10E+07
50.8954,1.10E+07
51.0858,1.08E+07
51.2761,1.08E+07
51.4664,1.09E+07
51.6567,1.10E+07
51.8471,1.13E+07
52.0374,1.18E+07
52.2277,1.23E+07
52.4181,1.29E+07
52.6084,1.37E+07
52.7987,1.46E+07
52.989,1.54E+07
53.1794,1.59E+07
53.3697,1.62E+07
53.56,1.61E+07
53.7504,1.56E+07
53.9407,1.49E+07
54.131,1.42E+07
54.3213,1.35E+07
54.5117,1.31E+07
54.702,1.30E+07
54.8923,1.31E+07
55.0826,1.33E+07
55.273,1.37E+07
55.4633,1.40E+07
55.6536,1.43E+07
55.844,1.46E+07
56.0343,1.47E+07
56.2246,1.45E+07
56.4149,1.41E+07
56.6053,1.36E+07
56.7956,1.31E+07
56.9859,1.27E+07
57.1763,1.22E+07
57.3666,1.17E+07
57.5569,1.14E+07
57.7472,1.11E+07
57.9376,1.11E+07
58.1279,1.11E+07
58.3182,1.13E+07
58.5085,1.16E+07
58.6989,1.20E+07
58.8892,1.27E+07
59.0795,1.34E+07
59.2699,1.41E+07
59.4602,1.49E+07
59.6505,1.57E+07
59.8408,1.66E+07
60.0312,1.73E+07
60.2215,1.79E+07
60.4118,1.83E+07
60.6022,1.84E+07
60.7925,1.83E+07
60.9828,1.81E+07
61.1731,1.77E+07
61.3635,1.71E+07
61.5538,1.64E+07
61.7441,1.57E+07
61.9344,1.49E+07
62.1248,1.42E+07
62.3151,1.35E+07
62.5054,1.29E+07
62.6958,1.23E+07
62.8861,1.17E+07
63.0764,1.11E+07
63.2667,1.07E+07
63.4571,1.03E+07
63.6474,9.95E+06
63.8377,9.72E+06
64.028,9.56E+06
64.2184,9.46E+06
64.4087,9.33E+06
64.599,9.15E+06
64.7894,8.89E+06
64.9797,8.51E+06
65.17,7.81E+06
65.3603,7.05E+06
65.5507,6.25E+06
65.741,5.34E+06
65.9313,4.63E+06
66.1217,4.01E+06
66.312,3.41E+06
66.5023,2.90E+06
66.6926,2.55E+06
66.883,2.24E+06
67.0733,1.94E+06
67.2636,1.73E+06
67.4539,1.57E+06
67.6443,1.46E+06
67.8346,1.44E+06
68.0249,1.35E+06
68.2153,1.22E+06
68.4056,1.18E+06
68.5959,1.12E+06
68.7862,1.05E+06
68.9766,1.06E+06
69.1669,1.11E+06
69.3572,1.06E+06
69.5476,997841
69.7379,934554
69.9282,892522
70.1185,870935
70.3089,845921
70.4992,874889
70.6895,867062
70.8798,871889
71.0702,861214
71.2605,863430
71.4508,803961
71.6412,739591
71.8315,759549
72.0218,664996
72.2121,562208
72.4025,496710
72.5928,456973
72.7831,485417
72.9735,437221
73.1638,472516
73.3541,480281
73.5444,351091
73.7348,327795
73.9251,260543
74.1154,286009
74.3057,323569
74.4961,267254
74.6864,264667
74.8767,344999
75.0671,445342
75.2574,454485
75.4477,374782
75.638,296537
75.8284,362396
76.0187,262638
76.209,168243
76.3994,189440
76.5897,181376
76.78,132564
76.9703,78935.9
77.1607,135115
77.351,208434
77.5413,252600
77.7316,215141
77.922,188114
78.1123,125994
78.3026,207320
78.493,226527
78.6833,174219
78.8736,192915
79.0639,175918
79.2543,254170
79.4446,255115
79.6349,202135
79.8253,150008
80.0156,179279
80.2059,173325
80.3962,135881
80.5866,123361
80.7769,151960
80.9672,196211
81.1575,266602
81.3479,313586
81.5382,305996
81.7285,344450
81.9189,308680
82.1092,360908
82.2995,323778
82.4898,269289
82.6802,222208
82.8705,274486
83.0608,441599
83.2512,444504
83.4415,442032
83.6318,402840
83.8221,438014
84.0125,475285
84.2028,410309
84.3931,431742
84.5834,527688
84.7738,524550
84.9641,531205
85.1544,532023
85.3448,471205
85.5351,439285
85.7254,477134
85.9157,520175
86.1061,551133
86.2964,561505
86.4867,553899
86.6771,580039
86.8674,453419
87.0577,408414
87.248,425666
87.4384,489497
87.6287,542304
87.819,511634
88.0093,446519
88.1997,334683
88.39,350303
88.5803,381098
88.7707,415696
88.961,391113
89.1513,446577
89.3416,484642
89.532,457931
89.7223,396894
89.9126,363750
90.103,458724
90.2933,479373
90.4836,523857
90.6739,555990
90.8643,575526
91.0546,573125
91.2449,531622
91.4352,518936
91.6256,505948
91.8159,446689
92.0062,464705
92.1966,470808
92.3869,434789
92.5772,439093
92.7675,385320
92.9579,355442
93.1482,285701
93.3385,173062
93.5288,184675
93.7192,274873
93.9095,257143
94.0998,255296
94.2902,214901
94.4805,196859
94.6708,220440
94.8611,227874
95.0515,331003
95.2418,350922
95.4321,399729
95.6225,462583
95.8128,461515
96.0031,467989
96.1934,495329
96.3838,523912
96.5741,592267
96.7644,597510
96.9547,484117
97.1451,413710
97.3354,444385
97.5257,454980
97.7161,390672
97.9064,434159
98.0967,438645
98.287,517661
98.4774,553798
98.6677,416877
98.858,398698
99.0484,416397
99.2387,481656
99.429,476837
99.6193,473751
99.8097,479613
100,377030
100.19,418199
100.381,442313
100.571,366140
100.761,352639
100.952,377345
101.142,429580
101.332,404963
101.523,369441
101.713,459566
101.903,565234
102.094,577948
102.284,548908
102.474,656731
102.665,859617
102.855,936391
103.045,1.02E+06
103.236,1.22E+06
103.426,1.33E+06
103.616,1.40E+06
103.807,1.50E+06
103.997,1.59E+06
104.187,1.79E+06
104.378,1.99E+06
104.568,2.11E+06
104.758,2.27E+06
104.949,2.33E+06
105.139,2.38E+06
105.329,2.51E+06
105.519,2.69E+06
105.71,2.84E+06
105.9,2.97E+06
106.09,3.15E+06
106.281,3.25E+06
106.471,3.41E+06
106.661,3.48E+06
106.852,3.48E+06
107.042,3.50E+06
107.232,3.47E+06
107.423,3.48E+06
107.613,3.43E+06
107.803,3.41E+06
107.994,3.43E+06
108.184,3.41E+06
108.374,3.36E+06
108.565,3.31E+06
108.755,3.34E+06
108.945,3.34E+06
109.136,3.29E+06
109.326,3.28E+06
109.516,3.16E+06
109.707,2.96E+06
109.897,2.87E+06
110.087,2.75E+06
110.278,2.56E+06
110.468,2.46E+06
110.658,2.34E+06
110.849,2.20E+06
111.039,2.03E+06
111.229,1.87E+06
111.42,1.74E+06
111.61,1.55E+06
111.8,1.38E+06
111.991,1.25E+06
112.181,1.16E+06
112.371,1.02E+06
112.562,967832
112.752,920730
112.942,807775
113.133,768216
113.323,735356
113.513,698855
113.704,674332
113.894,641633
114.084,731422
114.275,762765
114.465,629406
114.655,619438
114.846,588928
115.036,563754
115.226,593519
115.417,521628
115.607,583770
115.797,666941
115.988,613041
116.178,549986
116.368,568873
116.559,541560
116.749,452462
116.939,465645
117.129,460159
117.32,460498
117.51,452699
117.7,417330
117.891,353836
118.081,336853
118.271,382771
118.462,310934
118.652,287834
118.842,320625
119.033,379493
119.223,407162
119.413,391062
119.604,403720
119.794,407176
119.984,425373
120.175,368277
120.365,257872
120.555,193287
120.746,209507
120.936,243132
121.126,318342
121.317,302756
121.507,238487
121.697,240525
121.888,270178
122.078,409242
122.268,438139
122.459,381673
122.649,372640
122.839,367865
123.03,374729
123.22,380767
123.41,334386
123.601,300559
123.791,264586
123.981,250008
124.172,328286
124.362,338741
124.552,351920
124.743,418801
124.933,457540
125.123,450447
125.314,464849
125.504,517974
125.694,551098
125.885,549473
126.075,618381
126.265,703524
126.456,737698
126.646,779950
126.836,742668
127.027,741863
127.217,801969
127.407,847518
127.598,832465
127.788,796930
127.978,809709
128.168,808252
128.359,813291
128.549,812177
128.739,803562
128.93,821388
129.12,841467
129.31,860079
129.501,828325
129.691,752785
129.881,719624
130.072,700616
130.262,693414
130.452,732137
130.643,690885
130.833,544662
131.023,512023
131.214,495571
131.404,488190
131.594,496315
131.785,463451
131.975,385833
132.165,231701
132.356,181987
132.546,131483
132.736,103648
132.927,145925
133.117,219438
133.307,257881
133.498,266238
133.688,250074
133.878,181185
134.069,126666
134.259,93032.2
134.449,149801
134.64,200615
134.83,214389
135.02,164355
135.211,241162
135.401,279467
135.591,220156
135.782,250926
135.972,249416
136.162,281976
136.353,248254
136.543,245265
136.733,283607
136.924,259934
137.114,169352
137.304,154113
137.495,221990
137.685,234701
137.875,256967
138.066,226828
138.256,216544
138.446,215578
138.637,203785
138.827,181246
139.017,78297.4
139.208,98502.6
139.398,169413
139.588,137943
139.778,165778
139.969,211510
140.159,196566
140.349,133801
140.54,116416
140.73,78653.7
140.92,-8086.41
141.111,-5494.42
141.301,42672.7
141.491,66498.2
141.682,74087.3
141.872,124803
142.062,137757
142.253,93956.8
142.443,39759.1
142.633,43736.8
142.824,71621
143.014,121298
143.204,156711
143.395,138010
143.585,231032
143.775,310736
143.966,252423
144.156,165921
144.346,147872
144.537,124956
144.727,119167
144.917,200126
145.108,209258
145.298,145749
145.488,160078
145.679,184005
145.869,183848
146.059,194370
146.25,116991
146.44,51086.1
146.63,114548
146.821,93724.9
147.011,68862.4
147.201,117514
147.392,119939
147.582,130805
147.772,60823.9
147.963,64270.6
148.153,97877.5
148.343,111280
148.534,108372
148.724,96033.4
148.914,167498
149.105,158142
149.295,127275
149.485,140588
149.676,163997
149.866,149610
150.056,211699
150.247,233035
150.437,233124
150.627,226232
150.817,253778
151.008,305702
151.198,190232
151.388,193261
151.579,228394
151.769,219165
151.959,195517
152.15,219434
152.34,225833
152.53,208366
152.721,213800
152.911,249897
153.101,327774
153.292,320119
153.482,300194
153.672,264450
153.863,315859
154.053,292524
154.243,307146
154.434,318177
154.624,231818
154.814,211687
155.005,166406
155.195,158586
155.385,163084
155.576,266402
155.766,338246
155.956,321039
156.147,329684
156.337,405325
156.527,442292
156.718,452731
156.908,479683
157.098,422791
157.289,420161
157.479,435506
157.669,446918
157.86,441391
158.05,429457
158.24,414147
158.431,387548
158.621,357914
158.811,301989
159.002,244293
159.192,222140
159.382,278634
159.573,282846
159.763,224328
159.953,181092
160.144,154412
160.334,151813
160.524,192332
160.715,248496
160.905,276470
161.095,299332
161.286,304761
161.476,281640
161.666,270642
161.857,316936
162.047,374770
162.237,370494
162.427,362112
162.618,337397
162.808,347286
162.998,405388
163.189,348041
163.379,315063
163.569,359345
163.76,394502
163.95,399779
164.14,374903
164.331,371487
164.521,413880
164.711,473902
164.902,503849
165.092,554092
165.282,583194
165.473,601896
165.663,629554
165.853,669012
166.044,688586
166.234,767866
166.424,907014
166.615,1.03E+06
166.805,1.24E+06
166.995,1.38E+06
167.186,1.50E+06
167.376,1.79E+06
167.566,2.15E+06
167.757,2.45E+06
167.947,2.83E+06
168.137,3.16E+06
168.328,3.55E+06
168.518,4.17E+06
168.708,4.70E+06
168.899,5.25E+06
169.089,5.92E+06
169.279,6.68E+06
169.47,7.40E+06
169.66,8.15E+06
169.85,9.08E+06
170.041,1.00E+07
170.231,1.10E+07
170.421,1.19E+07
170.612,1.29E+07
170.802,1.39E+07
170.992,1.51E+07
171.183,1.61E+07
171.373,1.72E+07
171.563,1.83E+07
171.754,1.94E+07
171.944,2.04E+07
172.134,2.13E+07
172.325,2.23E+07
172.515,2.32E+07
172.705,2.39E+07
172.896,2.43E+07
173.086,2.47E+07
173.276,2.50E+07
173.467,2.51E+07
173.657,2.50E+07
173.847,2.48E+07
174.037,2.47E+07
174.228,2.45E+07
174.418,2.43E+07
174.608,2.41E+07
174.799,2.40E+07
174.989,2.38E+07
175.179,2.34E+07
175.37,2.30E+07
175.56,2.24E+07
175.75,2.16E+07
175.941,2.08E+07
176.131,1.99E+07
176.321,1.91E+07
176.512,1.82E+07
176.702,1.71E+07
176.892,1.60E+07
177.083,1.49E+07
177.273,1.39E+07
177.463,1.27E+07
177.654,1.16E+07
177.844,1.04E+07
178.034,9.31E+06
178.225,8.26E+06
178.415,7.21E+06
178.605,6.32E+06
178.796,5.58E+06
178.986,4.91E+06
179.176,4.27E+06
179.367,3.66E+06
179.557,3.09E+06
179.747,2.62E+06
179.938,2.16E+06
180.128,1.92E+06
180.318,1.69E+06
180.509,1.38E+06
180.699,1.23E+06
180.889,1.11E+06
181.08,952030
181.27,806773
181.46,808033
181.651,814889
181.841,689324
182.031,522063
182.222,435421
182.412,369373
182.602,418773
182.793,476710
182.983,372087
183.173,352917
183.364,337101
183.554,306014
183.744,304935
183.935,178774
184.125,136491
184.315,183508
184.506,211021
184.696,222142
184.886,203673
185.076,271872
185.267,272930
185.457,204890
185.647,194512
185.838,206105
186.028,201825
186.218,212072
186.409,185551
186.599,147324
186.789,101161
186.98,84342.7
187.17,132179
187.36,120393
187.551,137912
187.741,146592
187.931,141883
188.122,104137
188.312,146971
188.502,152340
188.693,91895.1
188.883,140829
189.073,157727
189.264,173334
189.454,130049
189.644,117690
189.835,150630
190.025,141816
190.215,120537
190.406,60789.7
190.596,18924.2
190.786,133581
190.977,196824
191.167,133519
191.357,117849
191.548,155357
191.738,171051
191.928,121601
192.119,181742
192.309,197083
192.499,195829
192.69,221888
192.88,199049
193.07,203129
193.261,238286
193.451,259500
193.641,244292
193.832,235947
194.022,158478
194.212,120491
194.403,128425
194.593,187896
194.783,196966
194.974,132920
195.164,159536
195.354,174138
195.545,208088
195.735,178298
195.925,86009.6
196.116,52367.3
196.306,65391.9
196.496,75667.8
196.686,23198.1
196.877,98497.3
197.067,105936
197.257,58825.4
197.448,131240
197.638,125572
197.828,138963
198.019,169644
198.209,174698
198.399,18082.1
198.59,-75446.2
198.78,-47593.6
198.97,-30988.6
199.161,47325.8
199.351,56303.4
199.541,126482
199.732,167118
199.922,130022
200.112,72557
200.303,48588.2
200.493,126474
200.683,183906
200.874,105779
201.064,44252.9
201.254,61062.4
201.445,91553.4
201.635,96067.6
201.825,98615.8
202.016,165898
202.206,158705
202.396,177165
202.587,183203
202.777,182045
202.967,110889
203.158,70017.2
203.348,122738
203.538,72296.3
203.729,38773.4
203.919,73672.4
204.109,102727
204.3,91070.1
204.49,138485
204.68,107886
204.871,130463
205.061,217979
205.251,223778
205.442,104160
205.632,-8105.62
205.822,84051.8
206.013,126485
206.203,92477.4
206.393,103925
206.584,127987
206.774,76405.1
206.964,59484.1
207.155,11838.8
207.345,16988.7
207.535,80329.5
207.725,134004
207.916,202375
208.106,106656
208.296,59230.6
208.487,99165.2
208.677,91500.4
208.867,71330.8
209.058,95233.2
209.248,72217.2
209.438,68030.7
209.629,91826.6
209.819,74028.5
210.009,28406.2
210.2,-59405.6
210.39,-17864.6
210.58,76093.3
210.771,113704
210.961,54376.3
211.151,-32158.3
211.342,-13111.9
211.532,34741.5
211.722,46814.7
211.913,77923.3
212.103,115329
212.293,112571
212.484,104600
212.674,86060.5
212.864,41855.7
213.055,14745.6
213.245,66998.9
213.435,134260
213.626,140681
213.816,121903
214.006,171208
214.197,161946
214.387,125141
214.577,159377
214.768,110260
214.958,89482.9
215.148,95405.5
215.339,114599
215.529,154011
215.719,217018
215.91,276873
216.1,206015
216.29,132928
216.481,55494.7
216.671,93554.2
216.861,179155
217.052,145055
217.242,96925.9
217.432,14756.2
217.623,-2762.12
217.813,51831.6
218.003,55760.6
218.194,-11939.5
218.384,-21931.6
218.574,45695.2
218.765,71541.5
218.955,105952
219.145,148618
219.335,63685.7
219.526,-60548.2
219.716,-66264.8
219.906,34617
220.097,86611.9
220.287,89569.7
220.477,96768.2
220.668,21238.2
220.858,48763.9
221.048,101670
221.239,105973
221.429,137311
221.619,122912
221.81,83115.9
222,67277
222.19,55887.3
222.381,41721.4
222.571,88051.2
222.761,75208.7
222.952,29122
223.142,-1142.3
223.332,69087.2
223.523,175056
223.713,175056
223.903,128419
224.094,47631.3
224.284,10857.5
224.474,57871.7
224.665,94324.7
224.855,48700.7
225.045,45999
225.236,76457.7
225.426,151917
225.616,136874
225.807,-11573.6
225.997,-26634.5
226.187,49098.7
226.378,99161
226.568,66916.3
226.758,32876.5
226.949,125439
227.139,172537
227.329,123502
227.52,108166
227.71,115874
227.9,156614
228.091,146012
228.281,65870.6
228.471,1595.52
228.662,90730.6
228.852,155585
229.042,149976
229.233,195387
229.423,151851
229.613,136984
229.804,122210
229.994,117992
230.184,117174
230.374,111221
230.565,120437
230.755,109854
230.945,129550
231.136,214850
231.326,328549
231.516,327077
231.707,269786
231.897,230119
232.087,218869
232.278,233126
232.468,203465
232.658,146220
232.849,203840
233.039,244534
233.229,261975
233.42,386806
233.61,486567
233.8,434852
233.991,378513
234.181,452557
234.371,577087
234.562,660659
234.752,662694
234.942,780328
235.133,837598
235.323,840666
235.513,917318
235.704,1.05E+06
235.894,1.24E+06
236.084,1.30E+06
236.275,1.36E+06
236.465,1.51E+06
236.655,1.67E+06
236.846,1.77E+06
237.036,1.84E+06
237.226,1.93E+06
237.417,2.09E+06
237.607,2.22E+06
237.797,2.39E+06
237.988,2.47E+06
238.178,2.62E+06
238.368,2.87E+06
238.559,2.94E+06
238.749,3.11E+06
238.939,3.20E+06
239.13,3.28E+06
239.32,3.33E+06
239.51,3.39E+06
239.701,3.47E+06
239.891,3.45E+06
240.081,3.47E+06
240.272,3.41E+06
240.462,3.36E+06
240.652,3.34E+06
240.843,3.26E+06
241.033,3.21E+06
241.223,3.22E+06
241.414,3.13E+06
241.604,3.07E+06
241.794,2.98E+06
241.984,2.80E+06
242.175,2.71E+06
242.365,2.65E+06
242.555,2.58E+06
242.746,2.54E+06
242.936,2.40E+06
243.126,2.19E+06
243.317,2.03E+06
243.507,1.88E+06
243.697,1.75E+06
243.888,1.55E+06
244.078,1.40E+06
244.268,1.30E+06
244.459,1.14E+06
244.649,1.04E+06
244.839,859046
245.03,755057
245.22,683908
245.41,661338
245.601,618255
245.791,446745
245.981,409547
246.172,355922
246.362,263201
246.552,222562
246.743,171557
246.933,104158
247.123,119361
247.314,117895
247.504,110251
247.694,133665
247.885,97647.8
248.075,108808
248.265,74093.8
248.456,22990.9
248.646,26303.9
248.836,76330.6
249.027,92840.4
249.217,70039.5
249.407,116441
249.598,109934
249.788,91869.5
249.978,130368
250.169,132560
250.359,115624
250.549,164097
250.74,83731.4
250.93,-32518.7
251.12,5457.25
251.311,13283.4
251.501,37891.4
251.691,65754.3
251.882,105557
252.072,117376
252.262,37207.2
252.453,40595.5
252.643,61368
252.833,55467.2
253.023,40763.2
253.214,4112.13
253.404,19787.7
253.594,60524
253.785,53288.1
253.975,-30233.5
254.165,13618.8
254.356,57935.9
254.546,14401.9
254.736,96265.4
254.927,80352.3
255.117,33614.4
255.307,45272.2
255.498,66898.9
255.688,90302.2
255.878,49931.1
256.069,-20013.6
256.259,-52682.4
256.449,25922.6
256.64,42379.7
256.83,24005.4
257.02,23496.4
257.211,46103.6
257.401,98443.1
257.591,76536.1
257.782,60509.6
257.972,89295.9
258.162,96780.5
258.353,98802.4
258.543,127670
258.733,77229
258.924,29020.3
259.114,83905.1
259.304,105588
259.495,63331.8
259.685,17113.7
259.875,112.031
260.066,33116
260.256,58007.5
260.446,80733.4
260.637,92324
260.827,86309.4
261.017,140602
261.208,140140
261.398,90104.8
261.588,102430
261.779,96613.7
261.969,88452
262.159,133413
262.35,99985.9
262.54,58346.7
262.73,70387.6
262.921,34188.6
263.111,47394.1
263.301,42323.2
263.492,31941.1
263.682,73682
263.872,43815.5
264.063,24552.5
264.253,-12646.1
264.443,-22663.8
264.633,5271.05
264.824,5814.56
265.014,65671.4
265.204,117609
265.395,116032
265.585,26812.1
265.775,49132
265.966,69187.5
266.156,-13520.4
266.346,-42516.5
266.537,-51680.2
266.727,59909.1
266.917,70272.6
267.108,34341.2
267.298,58172
267.488,50140.2
267.679,62652.9
267.869,125285
268.059,108463
268.25,-13017.1
268.44,16646.4
268.63,88376
268.821,152942
269.011,145926
269.201,90648.9
269.392,95806.7
269.582,86763.8
269.772,70960.4
269.963,16447.4
270.153,43638.2
270.343,137412
270.534,99991.7
270.724,68124.6
270.914,75104.7
271.105,76296.4
271.295,65446.6
271.485,22314.6
271.676,109207
271.866,141530
272.056,134794
272.247,86309.7
272.437,38183.4
272.627,92460.8
272.818,103883
273.008,131381
273.198,90352.3
273.389,84198.4
273.579,70622.8
273.769,35398.6
273.96,17470.8
274.15,12757.9
274.34,109910
274.531,193640
274.721,136902
274.911,65913.1
275.102,118408
275.292,117455
275.482,164848
275.672,183696
275.863,120498
276.053,112945
276.243,34046.5
276.434,-4617.62
276.624,77577.2
276.814,92471.9
277.005,99992.5
277.195,113456
277.385,71101.9
277.576,73627.9
277.766,32767
277.956,4295.07
278.147,10544.3
278.337,-38046.9
278.527,-78049.1
278.718,-13898.2
278.908,103849
279.098,162784
279.289,133758
279.479,54573.7
279.669,-31159
279.86,-28090.9
280.05,60104
280.24,74267.4
280.431,87461.7
280.621,91034.5
280.811,90259.6
281.002,156106
281.192,227446
281.382,231429
281.573,155053
281.763,106132
281.953,106209
282.144,35081.3
282.334,49531.7
282.524,132110
282.715,108760
282.905,87103.6
283.095,59745.3
283.286,16843.8
283.476,-31917.5
283.666,19285.4
283.857,54782
284.047,116515
284.237,140548
284.428,118735
284.618,171499
284.808,143567
284.999,129272
285.189,94780.3
285.379,131447
285.57,65672.1
285.76,26494.3
285.95,93827.9
286.141,65473
286.331,55984.4
286.521,57765.2
286.712,50102
286.902,14645.4
287.092,54235.9
287.282,79333.4
287.473,110860
287.663,109043
287.853,101075
288.044,81509.8
288.234,40001.6
288.424,51868.8
288.615,64769.4
288.805,61803.3
288.995,44743.4
289.186,77615.1
289.376,68775.8
289.566,70684.2
289.757,59593.7
289.947,99783.6
290.137,134764
290.328,109513
290.518,124152
290.708,130166
290.899,47467.7
291.089,-46743.1
291.279,-19392.4
291.47,50022.6
291.66,111250
291.85,68984.2
292.041,68398.8
292.231,52910.8
292.421,52122.7
292.612,92404.5
292.802,54381.7
292.992,20369.2
293.183,-49643.1
293.373,-36235.3
293.563,5292.73
293.754,-47402.5
293.944,-81938.6
294.134,-15897.1
294.325,-899.517
294.515,-68522
294.705,-97654.3
294.896,-59985.8
